country,region,lat,long,country_code,decade,value
Afghanistan,Asia,33.93911,67.709953,AFG,1990,-1
Afghanistan,Asia,33.93911,67.709953,AFG,2000,17.4
Afghanistan,Asia,33.93911,67.709953,AFG,2010,41.7
Albania,Europe,41.153332,20.168331,ALB,1990,92.55
Albania,Europe,41.153332,20.168331,ALB,2000,99.0375
Albania,Europe,41.153332,20.168331,ALB,2010,99.8
Algeria,Africa,28.033886,1.659626,DZA,1990,76.5
Algeria,Africa,28.033886,1.659626,DZA,2000,94.36666666666670
Algeria,Africa,28.033886,1.659626,DZA,2010,96.6
American Samoa,Oceania,-14.270972,-170.132217,ASM,1990,-1
American Samoa,Oceania,-14.270972,-170.132217,ASM,2000,100.0
American Samoa,Oceania,-14.270972,-170.132217,ASM,2010,-1
Andorra,Europe,42.546245,1.601554,AND,1990,-1
Andorra,Europe,42.546245,1.601554,AND,2000,-1
Andorra,Europe,42.546245,1.601554,AND,2010,-1
Angola, Africa,-11.202692,17.873887,AGO,1990,22.5
Angola, Africa,-11.202692,17.873887,AGO,2000,45.7
Angola, Africa,-11.202692,17.873887,AGO,2010,49.6
Antigua and Barbuda,North America,17.060816,-61.796428,ATG,1990,100.0
Antigua and Barbuda,North America,17.060816,-61.796428,ATG,2000,99.77
Antigua and Barbuda,North America,17.060816,-61.796428,ATG,2010,100.0
Argentina, South America,-38.416097,-63.616672,ARG,1990,97.23333333333330
Argentina, South America,-38.416097,-63.616672,ARG,2000,98.48
Argentina, South America,-38.416097,-63.616672,ARG,2010,97.75833333333330
Armenia, Asia,40.069099,45.038189,ARM,1990,96.79
Armenia, Asia,40.069099,45.038189,ARM,2000,99.0
Armenia, Asia,40.069099,45.038189,ARM,2010,99.88333333333330
Aruba, South America,12.52111,-69.968338,ABW,1990,-1
Aruba, South America,12.52111,-69.968338,ABW,2000,96.0
Aruba, South America,12.52111,-69.968338,ABW,2010,-1
Australia, Oceania,-25.274398,133.775136,AUS,1990,99.38888888888890
Australia, Oceania,-25.274398,133.775136,AUS,2000,99.26
Australia, Oceania,-25.274398,133.775136,AUS,2010,99.38
Austria, Europe,47.516231,14.550072,AUT,1990,98.6
Austria, Europe,47.516231,14.550072,AUT,2000,98.47
Austria, Europe,47.516231,14.550072,AUT,2010,98.5
Azerbaijan, Asia,40.143105,47.576927,AZE,1990,94.06
Azerbaijan, Asia,40.143105,47.576927,AZE,2000,93.76
Azerbaijan, Asia,40.143105,47.576927,AZE,2010,99.4
Bahrain, Asia,25.930414,50.637772,BHR,1990,97.6
Bahrain, Asia,25.930414,50.637772,BHR,2000,98.18
Bahrain, Asia,25.930414,50.637772,BHR,2010,99.66666666666670
Bangladesh,Asia,23.684994,90.356331,BGD,1990,8.75
Bangladesh,Asia,23.684994,90.356331,BGD,2000,16.242857142857100
Bangladesh,Asia,23.684994,90.356331,BGD,2010,38.720000000000000
Barbados,North America,13.193887,-59.543198,BRB,1990,95.5
Barbados,North America,13.193887,-59.543198,BRB,2000,99.75
Barbados,North America,13.193887,-59.543198,BRB,2010,99.24
Belarus,Europe,53.709807,27.953389,BLR,1990,99.9
Belarus,Europe,53.709807,27.953389,BLR,2000,99.91
Belarus,Europe,53.709807,27.953389,BLR,2010,99.86
Belgium,Europe,50.503887,4.469936,BEL,1990,99.3
Belgium,Europe,50.503887,4.469936,BEL,2000,-1
Belgium,Europe,50.503887,4.469936,BEL,2010,-1
Belize,North America,17.189877,-88.49765,BLZ,1990,79.675
Belize,North America,17.189877,-88.49765,BLZ,2000,93.9125
Belize,North America,17.189877,-88.49765,BLZ,2010,95.025
Benin,Africa,9.30769,2.315834,BEN,1990,59.8
Benin,Africa,9.30769,2.315834,BEN,2000,71.5
Benin,Africa,9.30769,2.315834,BEN,2010,78.73333333333330
Bermuda,North America,32.321384,-64.75737,BMU,1990,-1
Bermuda,North America,32.321384,-64.75737,BMU,2000,-1
Bermuda,North America,32.321384,-64.75737,BMU,2010,-1
Bhutan,Asia,27.514162,90.433601,BTN,1990,12.0
Bhutan,Asia,27.514162,90.433601,BTN,2000,53.58571428571430
Bhutan,Asia,27.514162,90.433601,BTN,2010,80.72857142857140
Bolivia,South America,-16.290154,-63.588653,BOL,1990,53.25
Bolivia,South America,-16.290154,-63.588653,BOL,2000,65.02000000000000
Bolivia,South America,-16.290154,-63.588653,BOL,2010,86.21333333333330
Bosnia and Herzegovina,Europe,43.915886,17.679076,BIH,1990,98.575
Bosnia and Herzegovina,Europe,43.915886,17.679076,BIH,2000,99.73
Bosnia and Herzegovina,Europe,43.915886,17.679076,BIH,2010,99.9
Botswana,Africa,-22.328474,24.684866,BWA,1990,87.0
Botswana,Africa,-22.328474,24.684866,BWA,2000,96.61
Botswana,Africa,-22.328474,24.684866,BWA,2010,99.63333333333330
Brazil,South America,-14.235004,-51.92528,BRA,1990,90.58
Brazil,South America,-14.235004,-51.92528,BRA,2000,98.43
Brazil,South America,-14.235004,-51.92528,BRA,2010,99.05
British Virgin Islands,North America,18.420695,-64.639968,VGB,1990,100.0
British Virgin Islands,North America,18.420695,-64.639968,VGB,2000,100.0
British Virgin Islands,North America,18.420695,-64.639968,VGB,2010,-1
Brunei,Asia,4.535277,114.727669,BRN,1990,98.6222222222222
Brunei,Asia,4.535277,114.727669,BRN,2000,99.69
Brunei,Asia,4.535277,114.727669,BRN,2010,99.84285714285710
Bulgaria,Europe,42.733883,25.48583,BGR,1990,99.4
Bulgaria,Europe,42.733883,25.48583,BGR,2000,99.41
Bulgaria,Europe,42.733883,25.48583,BGR,2010,99.675
Burkina Faso,Africa,12.238333,-1.561593,BFA,1990,36.25
Burkina Faso,Africa,12.238333,-1.561593,BFA,2000,45.65
Burkina Faso,Africa,12.238333,-1.561593,BFA,2010,72.85
Burundi,Africa,-3.373056,29.918886,BDI,1990,-1
Burundi,Africa,-3.373056,29.918886,BDI,2000,28.5
Burundi,Africa,-3.373056,29.918886,BDI,2010,74.6
Cambodia,Asia,12.565679,104.990963,KHM,1990,38.65
Cambodia,Asia,12.565679,104.990963,KHM,2000,33.925
Cambodia,Asia,12.565679,104.990963,KHM,2010,76.25
Cameroon,Africa,7.369722,12.354722,CMR,1990,56.7
Cameroon,Africa,7.369722,12.354722,CMR,2000,53.63333333333330
Cameroon,Africa,7.369722,12.354722,CMR,2010,60.400000000000000
Canada,North America,56.130366,-106.346771,CAN,1990,99.15555555555560
Canada,North America,56.130366,-106.346771,CAN,2000,99.07
Canada,North America,56.130366,-106.346771,CAN,2010,98.48
Cayman Islands,North America,19.513469,-80.566956,CYM,1990,-1
Cayman Islands,North America,19.513469,-80.566956,CYM,2000,100.0
Cayman Islands,North America,19.513469,-80.566956,CYM,2010,-1
Central African Republic,Africa,6.611111,20.939444,CAF,1990,45.9
Central African Republic,Africa,6.611111,20.939444,CAF,2000,40.125
Central African Republic,Africa,6.611111,20.939444,CAF,2010,40.0
Chad,Africa,15.454166,18.732207,TCD,1990,15.0
Chad,Africa,15.454166,18.732207,TCD,2000,14.05
Chad,Africa,15.454166,18.732207,TCD,2010,18.4
Chile,South America,-35.675147,-71.542969,CHL,1990,99.48571428571430
Chile,South America,-35.675147,-71.542969,CHL,2000,99.505
Chile,South America,-35.675147,-71.542969,CHL,2010,99.79333333333330
China,Asia,35.86166,104.195397,CHN,1990,90.97777777777780
China,Asia,35.86166,104.195397,CHN,2000,97.59
China,Asia,35.86166,104.195397,CHN,2010,99.8
Colombia,South America,4.570868,-74.297333,COL,1990,86.9
Colombia,South America,4.570868,-74.297333,COL,2000,94.74
Colombia,South America,4.570868,-74.297333,COL,2010,97.38571428571430
Comoros,Africa,-11.875001,43.872219,COM,1990,51.6
Comoros,Africa,-11.875001,43.872219,COM,2000,61.8
Comoros,Africa,-11.875001,43.872219,COM,2010,82.2
Democratic Republic of the Congo,Africa,-4.038333,21.758664,COD,1990,-1
Democratic Republic of the Congo,Africa,-4.038333,21.758664,COD,2000,62.55
Democratic Republic of the Congo,Africa,-4.038333,21.758664,COD,2010,77.15
Congo,Africa,-0.228021,15.827659,COG,1990,-1
Congo,Africa,-0.228021,15.827659,COG,2000,83.4
Congo,Africa,-0.228021,15.827659,COG,2010,93.45
Costa Rica,North America,9.748917,-83.753428,CRI,1990,97.8
Costa Rica,North America,9.748917,-83.753428,CRI,2000,98.56
Costa Rica,North America,9.748917,-83.753428,CRI,2010,96.785
Cote d'Ivoire,Africa,7.539989,-5.54708,CIV,1990,46.25
Cote d'Ivoire,Africa,7.539989,-5.54708,CIV,2000,60.675
Cote d'Ivoire,Africa,7.539989,-5.54708,CIV,2010,66.5
Croatia,Europe,45.1,15.2,HRV,1990,99.84
Croatia,Europe,45.1,15.2,HRV,2000,99.9
Croatia,Europe,45.1,15.2,HRV,2010,99.9
Cuba,North America,21.521757,-77.781167,CUB,1990,99.83000000000000
Cuba,North America,21.521757,-77.781167,CUB,2000,99.9
Cuba,North America,21.521757,-77.781167,CUB,2010,99.82857142857140
Cyprus,Europe,35.126413,33.429859,CYP,1990,100.0
Cyprus,Europe,35.126413,33.429859,CYP,2000,98.025
Cyprus,Europe,35.126413,33.429859,CYP,2010,98.58
Czech Republic,Europe,49.817492,15.472962,CZE,1990,99.98
Czech Republic,Europe,49.817492,15.472962,CZE,2000,99.87
Czech Republic,Europe,49.817492,15.472962,CZE,2010,99.875
Denmark,Europe,56.26392,9.501785,DNK,1990,98.6
Denmark,Europe,56.26392,9.501785,DNK,2000,98.66666666666670
Denmark,Europe,56.26392,9.501785,DNK,2010,96.74285714285710
Djibouti,Africa,11.825138,42.590275,DJI,1990,-1
Djibouti,Africa,11.825138,42.590275,DJI,2000,69.5
Djibouti,Africa,11.825138,42.590275,DJI,2010,87.4
Dominica,North America,15.414999,-61.370976,DMA,1990,98.3
Dominica,North America,15.414999,-61.370976,DMA,2000,99.22222222222220
Dominica,North America,15.414999,-61.370976,DMA,2010,98.66666666666670
Dominican Republic,North America,18.735693,-70.162651,DOM,1990,95.1
Dominican Republic,North America,18.735693,-70.162651,DOM,2000,97.175
Dominican Republic,North America,18.735693,-70.162651,DOM,2010,98.36666666666670
Ecuador,South America,-1.831239,-78.183406,ECU,1990,98.9
Ecuador,South America,-1.831239,-78.183406,ECU,2000,86.40000000000000
Ecuador,South America,-1.831239,-78.183406,ECU,2010,93.72857142857140
Egypt,Africa,26.820553,30.802498,EGY,1990,46.0
Egypt,Africa,26.820553,30.802498,EGY,2000,70.85
Egypt,Africa,26.820553,30.802498,EGY,2010,91.5
El Salvador,North America,13.794185,-88.89653,SLV,1990,88.9
El Salvador,North America,13.794185,-88.89653,SLV,2000,92.46666666666670
El Salvador,North America,13.794185,-88.89653,SLV,2010,99.11428571428570
Guinea,Africa,1.650801,10.267895,GNQ,1990,5.0
Guinea,Africa,1.650801,10.267895,GNQ,2000,64.6
Guinea,Africa,1.650801,10.267895,GNQ,2010,68.3
Eritrea,Africa,15.179384,39.782334,ERI,1990,20.6
Eritrea,Africa,15.179384,39.782334,ERI,2000,28.3
Eritrea,Africa,15.179384,39.782334,ERI,2010,34.1
Estonia,Europe,58.595272,25.013607,EST,1990,99.4
Estonia,Europe,58.595272,25.013607,EST,2000,99.6
Estonia,Europe,58.595272,25.013607,EST,2010,99.38571428571430
Ethiopia,Africa,9.145,40.489673,ETH,1990,6.5
Ethiopia,Africa,9.145,40.489673,ETH,2000,5.9
Ethiopia,Africa,9.145,40.489673,ETH,2010,19.075
Faroe Islands,Europe,61.892635,-6.911806,FRO,1990,-1
Faroe Islands,Europe,61.892635,-6.911806,FRO,2000,-1
Faroe Islands,Europe,61.892635,-6.911806,FRO,2010,-1
Fiji,Oceania,-16.578193,179.414413,FJI,1990,96.5222222222222
Fiji,Oceania,-16.578193,179.414413,FJI,2000,98.21
Fiji,Oceania,-16.578193,179.414413,FJI,2010,99.65
Finland,Europe,61.92411,25.748151,FIN,1990,98.5
Finland,Europe,61.92411,25.748151,FIN,2000,99.53
Finland,Europe,61.92411,25.748151,FIN,2010,99.78
France,Europe,46.227638,2.213749,FRA,1990,99.0
France,Europe,46.227638,2.213749,FRA,2000,98.25714285714280
France,Europe,46.227638,2.213749,FRA,2010,97.5
French Polynesia,Oceania,-17.679742,-149.406843,PYF,1990,-1
French Polynesia,Oceania,-17.679742,-149.406843,PYF,2000,99.0
French Polynesia,Oceania,-17.679742,-149.406843,PYF,2010,-1
Gabon,Africa,-0.803689,11.609444,GAB,1990,-1
Gabon,Africa,-0.803689,11.609444,GAB,2000,84.05
Gabon,Africa,-0.803689,11.609444,GAB,2010,89.3
The Gambia,Africa,13.443182,-15.310139,GMB,1990,44.1
The Gambia,Africa,13.443182,-15.310139,GMB,2000,51.85
The Gambia,Africa,13.443182,-15.310139,GMB,2010,56.650000000000000
Georgia,Europe,42.315407,43.356892,GEO,1990,93.7
Georgia,Europe,42.315407,43.356892,GEO,2000,98.23
Georgia,Europe,42.315407,43.356892,GEO,2010,99.81666666666670
Germany,Europe,51.165691,10.451526,DEU,1990,98.7
Germany,Europe,51.165691,10.451526,DEU,2000,98.44000000000000
Germany,Europe,51.165691,10.451526,DEU,2010,98.46666666666670
Ghana,Africa,7.946527,-1.023194,GHA,1990,44.05
Ghana,Africa,7.946527,-1.023194,GHA,2000,51.675
Ghana,Africa,7.946527,-1.023194,GHA,2010,69.0
Gibraltar,Europe,36.137741,-5.345374,GIB,1990,-1
Gibraltar,Europe,36.137741,-5.345374,GIB,2000,-1
Gibraltar,Europe,36.137741,-5.345374,GIB,2010,-1
Greece,Europe,39.074208,21.824312,GRC,1990,-1
Greece,Europe,39.074208,21.824312,GRC,2000,-1
Greece,Europe,39.074208,21.824312,GRC,2010,-1
Greenland,North America,71.706936,-42.604303,GRL,1990,-1
Greenland,North America,71.706936,-42.604303,GRL,2000,-1
Greenland,North America,71.706936,-42.604303,GRL,2010,-1
Grenada,North America,12.262776,-61.604171,GRD,1990,99.33333333333330
Grenada,North America,12.262776,-61.604171,GRD,2000,99.8
Grenada,North America,12.262776,-61.604171,GRD,2010,99.26
Guam, Oceania,13.444304,144.793731,GUM,1990,-1
Guam, Oceania,13.444304,144.793731,GUM,2000,99.4
Guam, Oceania,13.444304,144.793731,GUM,2010,-1
Guatemala,North America,15.783471,-90.230759,GTM,1990,37.7
Guatemala,North America,15.783471,-90.230759,GTM,2000,46.45
Guatemala,North America,15.783471,-90.230759,GTM,2010,60.2
Guinea,Africa,9.945587,-9.696645,GIN,1990,32.65
Guinea,Africa,9.945587,-9.696645,GIN,2000,44.26666666666670
Guinea,Africa,9.945587,-9.696645,GIN,2010,54.43333333333330
Guinea Bissau,Africa,11.803749,-15.180413,GNB,1990,25.0
Guinea Bissau,Africa,11.803749,-15.180413,GNB,2000,31.4
Guinea Bissau,Africa,11.803749,-15.180413,GNB,2010,44.0
Guyana,South America,4.860416,-58.93018,GUY,1990,94.0
Guyana,South America,4.860416,-58.93018,GUY,2000,91.57777777777780
Guyana,South America,4.860416,-58.93018,GUY,2010,85.7
Haiti,North America,18.971187,-72.285215,HTI,1990,20.6
Haiti,North America,18.971187,-72.285215,HTI,2000,24.950000000000000
Haiti,North America,18.971187,-72.285215,HTI,2010,42.5
Honduras,North America,15.199999,-86.241905,HND,1990,50.7
Honduras,North America,15.199999,-86.241905,HND,2000,61.0
Honduras,North America,15.199999,-86.241905,HND,2010,82.8
"Hong Kong SAR, China",Asia,22.396428,114.109497,HKG,1990,-1
"Hong Kong SAR, China",Asia,22.396428,114.109497,HKG,2000,100.0
"Hong Kong SAR, China",Asia,22.396428,114.109497,HKG,2010,-1
Hungary,Europe,47.162494,19.503304,HUN,1990,99.45
Hungary,Europe,47.162494,19.503304,HUN,2000,99.59
Hungary,Europe,47.162494,19.503304,HUN,2010,99.08
Iceland,Europe,64.963051,-19.020835,ISL,1990,99.82
Iceland,Europe,64.963051,-19.020835,ISL,2000,99.13
Iceland,Europe,64.963051,-19.020835,ISL,2010,97.98571428571430
India,Asia,20.593684,78.96288,IND,1990,37.2
India,Asia,20.593684,78.96288,IND,2000,47.133333333333300
India,Asia,20.593684,78.96288,IND,2010,81.25
Indonesia,Asia,-0.789275,113.921327,IDN,1990,42.642857142857100
Indonesia,Asia,-0.789275,113.921327,IDN,2000,70.16000000000000
Indonesia,Asia,-0.789275,113.921327,IDN,2010,87.23800000000000
Iran,Asia,32.427908,53.688046,IRN,1990,86.1
Iran,Asia,32.427908,53.688046,IRN,2000,94.86666666666670
Iran,Asia,32.427908,53.688046,IRN,2010,98.3
Iraq,Asia,33.223191,43.679291,IRQ,1990,-1
Iraq,Asia,33.223191,43.679291,IRQ,2000,77.8
Iraq,Asia,33.223191,43.679291,IRQ,2010,85.63333333333330
Ireland,Europe,53.41291,-8.24389,IRL,1990,99.5
Ireland,Europe,53.41291,-8.24389,IRL,2000,99.67
Ireland,Europe,53.41291,-8.24389,IRL,2010,99.76666666666670
Isle of Man,Europe,54.236107,-4.548056,IMN,1990,47.7476605124
Isle of Man,Europe,54.236107,-4.548056,IMN,2000,71.5020540718
Isle of Man,Europe,54.236107,-4.548056,IMN,2010,81.4306770819
Israel,Asia,31.046051,34.851612,ISR,1990,-1
Israel,Asia,31.046051,34.851612,ISR,2000,-1
Israel,Asia,31.046051,34.851612,ISR,2010,-1
Italy,Europe,41.87194,12.56738,ITA,1990,-1
Italy,Europe,41.87194,12.56738,ITA,2000,99.73333333333330
Italy,Europe,41.87194,12.56738,ITA,2010,99.9
Jamaica,North America,18.109581,-77.297508,JAM,1990,92.66666666666670
Jamaica,North America,18.109581,-77.297508,JAM,2000,97.0625
Jamaica,North America,18.109581,-77.297508,JAM,2010,99.1
Japan,Asia,36.204824,138.252924,JPN,1990,99.93333333333330
Japan,Asia,36.204824,138.252924,JPN,2000,99.80000000000000
Japan,Asia,36.204824,138.252924,JPN,2010,99.82
Jordan,Asia,30.585164,36.238414,JOR,1990,91.95
Jordan,Asia,30.585164,36.238414,JOR,2000,99.3
Jordan,Asia,30.585164,36.238414,JOR,2010,99.65
Kazakhstan,Asia,48.019573,66.923684,KAZ,1990,98.53
Kazakhstan,Asia,48.019573,66.923684,KAZ,2000,99.24000000000000
Kazakhstan,Asia,48.019573,66.923684,KAZ,2010,99.87833333333330
Kenya,Africa,-0.023559,37.906193,KEN,1990,44.85
Kenya,Africa,-0.023559,37.906193,KEN,2000,42.66666666666670
Kenya,Africa,-0.023559,37.906193,KEN,2010,61.8
Kiribati,Oceania,-3.370417,-168.734039,KIR,1990,72.33333333333330
Kiribati,Oceania,-3.370417,-168.734039,KIR,2000,79.1
Kiribati,Oceania,-3.370417,-168.734039,KIR,2010,98.3
North Korea,Asia,40.339852,127.510093,PRK,1990,-1
North Korea,Asia,40.339852,127.510093,PRK,2000,97.93333333333330
North Korea,Asia,40.339852,127.510093,PRK,2010,99.5
South Korea,Asia,35.907757,127.766922,KOR,1990,98.575
South Korea,Asia,35.907757,127.766922,KOR,2000,99.90000000000000
South Korea,Asia,35.907757,127.766922,KOR,2010,99.9
Kosovo,Europe,42.602636,20.902977,XKX,1990,-1
Kosovo,Europe,42.602636,20.902977,XKX,2000,-1
Kosovo,Europe,42.602636,20.902977,XKX,2010,99.0
Kuwait,Asia,29.31166,47.481766,KWT,1990,98.1
Kuwait,Asia,29.31166,47.481766,KWT,2000,98.81428571428570
Kuwait,Asia,29.31166,47.481766,KWT,2010,98.91666666666670
Kyrgyzstan,Asia,41.20438,74.766098,KGZ,1990,98.42
Kyrgyzstan,Asia,41.20438,74.766098,KGZ,2000,98.41
Kyrgyzstan,Asia,41.20438,74.766098,KGZ,2010,98.68
Laos,Asia,19.85627,102.495496,LAO,1990,-1
Laos,Asia,19.85627,102.495496,LAO,2000,17.4
Laos,Asia,19.85627,102.495496,LAO,2010,47.16666666666670
Latvia,Europe,56.879635,24.603189,LVA,1990,100.0
Latvia,Europe,56.879635,24.603189,LVA,2000,99.54
Latvia,Europe,56.879635,24.603189,LVA,2010,98.9
Lebanon,Asia,33.854721,35.862285,LBN,1990,89.0
Lebanon,Asia,33.854721,35.862285,LBN,2000,99.05
Lebanon,Asia,33.854721,35.862285,LBN,2010,-1
Lesotho,Africa,-29.609988,28.233608,LSO,1990,49.25
Lesotho,Africa,-29.609988,28.233608,LSO,2000,55.1
Lesotho,Africa,-29.609988,28.233608,LSO,2010,77.9
Liberia,Africa,6.428055,-9.429499,LBR,1990,-1
Liberia,Africa,6.428055,-9.429499,LBR,2000,48.6
Liberia,Africa,6.428055,-9.429499,LBR,2010,61.1
Libya,Africa,26.3351,17.228331,LBY,1990,96.7
Libya,Africa,26.3351,17.228331,LBY,2000,99.05
Libya,Africa,26.3351,17.228331,LBY,2010,99.9
Liechtenstein,Europe,47.166,9.555373,LIE,1990,-1
Liechtenstein,Europe,47.166,9.555373,LIE,2000,-1
Liechtenstein,Europe,47.166,9.555373,LIE,2010,-1
Lithuania,Europe,55.169438,23.881275,LTU,1990,100.0
Lithuania,Europe,55.169438,23.881275,LTU,2000,100.0
Lithuania,Europe,55.169438,23.881275,LTU,2010,100.0
Luxembourg,Europe,49.815273,6.129583,LUX,1990,-1
Luxembourg,Europe,49.815273,6.129583,LUX,2000,99.90000000000000
Luxembourg,Europe,49.815273,6.129583,LUX,2010,-1
"Macao SAR, China",Asia,22.198745,113.543873,MAC,1990,-1
"Macao SAR, China",Asia,22.198745,113.543873,MAC,2000,100.0
"Macao SAR, China",Asia,22.198745,113.543873,MAC,2010,-1
Madagascar,Africa,-18.766947,46.869107,MDG,1990,52.15
Madagascar,Africa,-18.766947,46.869107,MDG,2000,47.4
Madagascar,Africa,-18.766947,46.869107,MDG,2010,44.3
Malawi,Africa,-13.254308,34.301525,MWI,1990,54.8
Malawi,Africa,-13.254308,34.301525,MWI,2000,58.31666666666670
Malawi,Africa,-13.254308,34.301525,MWI,2010,82.86666666666670
Malaysia,Asia,4.210484,101.975766,MYS,1990,94.7
Malaysia,Asia,4.210484,101.975766,MYS,2000,97.83
Malaysia,Asia,4.210484,101.975766,MYS,2010,98.83166666666670
Maldives,Asia,3.202778,73.22068,MDV,1990,90.0
Maldives,Asia,3.202778,73.22068,MDV,2000,90.1
Maldives,Asia,3.202778,73.22068,MDV,2010,97.2
Mali,Africa,17.570692,-3.996166,MLI,1990,40.0
Mali,Africa,17.570692,-3.996166,MLI,2000,44.8
Mali,Africa,17.570692,-3.996166,MLI,2010,49.425
Malta,Europe,35.937496,14.375416,MLT,1990,98.0
Malta,Europe,35.937496,14.375416,MLT,2000,99.64444444444450
Malta,Europe,35.937496,14.375416,MLT,2010,99.78571428571430
Marshall Islands,Oceania,7.131474,171.184478,MHL,1990,94.9
Marshall Islands,Oceania,7.131474,171.184478,MHL,2000,89.23333333333330
Marshall Islands,Oceania,7.131474,171.184478,MHL,2010,94.55
Mauritania,Africa,21.00789,-10.940835,MRT,1990,40.0
Mauritania,Africa,21.00789,-10.940835,MRT,2000,55.25
Mauritania,Africa,21.00789,-10.940835,MRT,2010,67.20000000000000
Mauritius,Africa,-20.348404,57.552152,MUS,1990,96.78
Mauritius,Africa,-20.348404,57.552152,MUS,2000,99.24
Mauritius,Africa,-20.348404,57.552152,MUS,2010,99.68
Mexico,Asia,23.634501,-102.552784,MEX,1990,84.75
Mexico,Asia,23.634501,-102.552784,MEX,2000,93.2
Mexico,Asia,23.634501,-102.552784,MEX,2010,96.745
Micronesia,Oceania,7.425554,150.550812,FSM,1990,85.9
Micronesia,Oceania,7.425554,150.550812,FSM,2000,87.685
Micronesia,Oceania,7.425554,150.550812,FSM,2010,-1
Moldova,Europe,47.411631,28.369885,MDA,1990,99.6
Moldova,Europe,47.411631,28.369885,MDA,2000,99.32
Moldova,Europe,47.411631,28.369885,MDA,2010,99.46
Monaco,Europe,43.750298,7.412841,MCO,1990,-1
Monaco,Europe,43.750298,7.412841,MCO,2000,-1
Monaco,Europe,43.750298,7.412841,MCO,2010,-1
Mongolia,Asia,46.862496,103.846656,MNG,1990,97.1
Mongolia,Asia,46.862496,103.846656,MNG,2000,98.7
Mongolia,Asia,46.862496,103.846656,MNG,2010,98.73333333333340
Montenegro,Europe,42.708678,19.37439,MNE,1990,-1
Montenegro,Europe,42.708678,19.37439,MNE,2000,98.41
Montenegro,Europe,42.708678,19.37439,MNE,2010,99.0
Morocco,Africa,31.791702,-7.09262,MAR,1990,38.73333333333330
Morocco,Africa,31.791702,-7.09262,MAR,2000,62.6
Morocco,Africa,31.791702,-7.09262,MAR,2010,73.85
Mozambique,Africa,-18.665695,35.529562,MOZ,1990,44.2
Mozambique,Africa,-18.665695,35.529562,MOZ,2000,51.5
Mozambique,Africa,-18.665695,35.529562,MOZ,2010,54.3
Myanmar,Asia,21.913965,95.956223,MMR,1990,51.35
Myanmar,Asia,21.913965,95.956223,MMR,2000,62.8
Myanmar,Asia,21.913965,95.956223,MMR,2010,65.4
Namibia,Africa,-22.95764,18.49041,NAM,1990,68.2
Namibia,Africa,-22.95764,18.49041,NAM,2000,78.45
Namibia,Africa,-22.95764,18.49041,NAM,2010,88.2
Nauru,Oceania,-0.522778,166.931503,NRU,1990,-1
Nauru,Oceania,-0.522778,166.931503,NRU,2000,97.4
Nauru,Oceania,-0.522778,166.931503,NRU,2010,-1
Nepal,Asia,28.394857,84.124008,NPL,1990,8.2
Nepal,Asia,28.394857,84.124008,NPL,2000,14.325
Nepal,Asia,28.394857,84.124008,NPL,2010,49.86666666666670
Netherlands,Europe,52.132633,5.291266,NLD,1990,100.0
Netherlands,Europe,52.132633,5.291266,NLD,2000,100.0
Netherlands,Europe,52.132633,5.291266,NLD,2010,-1
New Caledonia,Oceania,-20.904305,165.618042,NCL,1990,-1
New Caledonia,Oceania,-20.904305,165.618042,NCL,2000,-1
New Caledonia,Oceania,-20.904305,165.618042,NCL,2010,-1
New Zealand,Oceania,-40.900557,174.885971,NZL,1990,95.66666666666670
New Zealand,Oceania,-40.900557,174.885971,NZL,2000,96.63
New Zealand,Oceania,-40.900557,174.885971,NZL,2010,96.45
Nicaragua,North America,12.865416,-85.207229,NIC,1990,62.8
Nicaragua,North America,12.865416,-85.207229,NIC,2000,70.30000000000000
Nicaragua,North America,12.865416,-85.207229,NIC,2010,81.0
Niger,Africa,17.607789,8.081666,NER,1990,16.25
Niger,Africa,17.607789,8.081666,NER,2000,16.7
Niger,Africa,17.607789,8.081666,NER,2010,34.5
Nigeria,Africa,9.081999,8.675277,NGA,1990,36.2
Nigeria,Africa,9.081999,8.675277,NGA,2000,34.8
Nigeria,Africa,9.081999,8.675277,NGA,2010,41.55
North Macedonia,Europe,41.608635,21.745275,MKD,1990,93.41
North Macedonia,Europe,41.608635,21.745275,MKD,2000,98.75
North Macedonia,Europe,41.608635,21.745275,MKD,2010,98.66428571428570
Northern Mariana Islands, Oceania,17.33083,145.38469,MNP,1990,-1
Northern Mariana Islands, Oceania,17.33083,145.38469,MNP,2000,99.6
Northern Mariana Islands, Oceania,17.33083,145.38469,MNP,2010,-1
Norway,Europe,60.472024,8.468946,NOR,1990,99.24
Norway,Europe,60.472024,8.468946,NOR,2000,99.12000000000000
Norway,Europe,60.472024,8.468946,NOR,2010,99.12857142857140
Oman,Asia,21.512583,55.923255,OMN,1990,95.0
Oman,Asia,21.512583,55.923255,OMN,2000,98.16666666666670
Oman,Asia,21.512583,55.923255,OMN,2010,98.7
Pakistan,Asia,30.375321,69.345116,PAK,1990,18.266666666666700
Pakistan,Asia,30.375321,69.345116,PAK,2000,35.82857142857140
Pakistan,Asia,30.375321,69.345116,PAK,2010,53.85
Palau,Oceania,7.51498,134.58252,PLW,1990,100.0
Palau,Oceania,7.51498,134.58252,PLW,2000,99.88333333333330
Palau,Oceania,7.51498,134.58252,PLW,2010,99.5
Panama,North America,8.537981,-80.782127,PAN,1990,88.5625
Panama,North America,8.537981,-80.782127,PAN,2000,91.46
Panama,North America,8.537981,-80.782127,PAN,2010,93.62857142857140
Papua New Guinea,Oceania,-6.314993,143.95555,PNG,1990,46.65
Papua New Guinea,Oceania,-6.314993,143.95555,PNG,2000,43.0
Papua New Guinea,Oceania,-6.314993,143.95555,PNG,2010,56.4
Paraguay,South America,-23.442503,-58.443832,PRY,1990,68.3
Paraguay,South America,-23.442503,-58.443832,PRY,2000,86.84285714285710
Paraguay,South America,-23.442503,-58.443832,PRY,2010,95.88333333333330
Peru,South America,-9.189967,-75.015152,PER,1990,54.45
Peru,South America,-9.189967,-75.015152,PER,2000,72.66
Peru,South America,-9.189967,-75.015152,PER,2010,88.48571428571430
Philippines,Asia,12.879721,121.774017,PHL,1990,55.73333333333330
Philippines,Asia,12.879721,121.774017,PHL,2000,60.0
Philippines,Asia,12.879721,121.774017,PHL,2010,76.46666666666670
Poland,Europe,51.919438,19.145136,POL,1990,99.64
Poland,Europe,51.919438,19.145136,POL,2000,99.68
Poland,Europe,51.919438,19.145136,POL,2010,99.80000000000000
Portugal,Europe,39.399872,-8.224454,PRT,1990,99.7
Portugal,Europe,39.399872,-8.224454,PRT,2000,99.8
Portugal,Europe,39.399872,-8.224454,PRT,2010,98.93333333333330
Puerto Rico,North America,18.220833,-66.590149,PRI,1990,-1
Puerto Rico,North America,18.220833,-66.590149,PRI,2000,99.8
Puerto Rico,North America,18.220833,-66.590149,PRI,2010,-1
Qatar,Asia,25.354826,51.183884,QAT,1990,100.0
Qatar,Asia,25.354826,51.183884,QAT,2000,100.0
Qatar,Asia,25.354826,51.183884,QAT,2010,100.0
Romania,Europe,45.943161,24.96676,ROU,1990,99.07
Romania,Europe,45.943161,24.96676,ROU,2000,98.5
Romania,Europe,45.943161,24.96676,ROU,2010,98.11666666666670
Russia,Asia,61.52401,105.318756,RUS,1990,99.12000000000000
Russia,Asia,61.52401,105.318756,RUS,2000,99.43000000000000
Russia,Asia,61.52401,105.318756,RUS,2010,99.5
Rwanda,Africa,-1.940278,29.873888,RWA,1990,25.8
Rwanda,Africa,-1.940278,29.873888,RWA,2000,40.66666666666670
Rwanda,Africa,-1.940278,29.873888,RWA,2010,76.23333333333330
Samoa,Oceania,24.215527,-12.885834,SSF,1990,-1
Samoa,Oceania,24.215527,-12.885834,SSF,2000,41.0988942095349
Samoa,Oceania,24.215527,-12.885834,SSF,2010,55.62203653555660
San Marino,Europe,-13.759029,-172.104629,WSM,1990,88.0
San Marino,Europe,-13.759029,-172.104629,WSM,2000,86.93333333333330
San Marino,Europe,-13.759029,-172.104629,WSM,2010,82.5
Sao Tome and Principe,Africa,43.94236,12.457777,SMR,1990,-1
Sao Tome and Principe,Africa,43.94236,12.457777,SMR,2000,-1
Sao Tome and Principe,Africa,43.94236,12.457777,SMR,2010,-1
Saudi Arabia,Asia,0.18636,6.613081,STP,1990,-1
Saudi Arabia,Asia,0.18636,6.613081,STP,2000,79.35
Saudi Arabia,Asia,0.18636,6.613081,STP,2010,92.5
Senegal,Africa,23.885942,45.079162,SAU,1990,90.26666666666670
Senegal,Africa,23.885942,45.079162,SAU,2000,95.71428571428570
Senegal,Africa,23.885942,45.079162,SAU,2010,97.5
Serbia,Europe,14.497401,-14.452362,SEN,1990,47.366666666666700
Serbia,Europe,14.497401,-14.452362,SEN,2000,56.425
Serbia,Europe,14.497401,-14.452362,SEN,2010,59.15
Seychelles,Africa,44.016521,21.005859,SRB,1990,98.75
Seychelles,Africa,44.016521,21.005859,SRB,2000,98.05000000000000
Seychelles,Africa,44.016521,21.005859,SRB,2010,99.2
Sierra Leone,Africa,-4.679574,55.491977,SYC,1990,98.5
Sierra Leone,Africa,-4.679574,55.491977,SYC,2000,99.33333333333330
Sierra Leone,Africa,-4.679574,55.491977,SYC,2010,99.0
Singapore,Asia,8.460555,-11.779889,SLE,1990,-1
Singapore,Asia,8.460555,-11.779889,SLE,2000,39.833333333333300
Singapore,Asia,8.460555,-11.779889,SLE,2010,67.36666666666670
Slovakia,Europe,1.352083,103.819836,SGP,1990,99.775
Slovakia,Europe,1.352083,103.819836,SGP,2000,99.70000000000000
Slovakia,Europe,1.352083,103.819836,SGP,2010,99.65714285714290
Slovenia,Europe,48.669026,19.699024,SVK,1990,100.0
Slovenia,Europe,48.669026,19.699024,SVK,2000,99.5
Slovenia,Europe,48.669026,19.699024,SVK,2010,98.96
Solomon Islands,Oceania,46.151241,14.995463,SVN,1990,99.89
Solomon Islands,Oceania,46.151241,14.995463,SVN,2000,99.9
Solomon Islands,Oceania,46.151241,14.995463,SVN,2010,99.86666666666670
Somalia,Africa,-9.64571,160.156194,SLB,1990,84.5
Somalia,Africa,-9.64571,160.156194,SLB,2000,85.5
Somalia,Africa,-9.64571,160.156194,SLB,2010,86.2
South Africa,Africa,5.152149,46.199616,SOM,1990,19.3
South Africa,Africa,5.152149,46.199616,SOM,2000,17.833333333333300
South Africa,Africa,5.152149,46.199616,SOM,2010,-1
South Sudan,Africa,-30.559482,22.937506,ZAF,1990,82.8
South Sudan,Africa,-30.559482,22.937506,ZAF,2000,92.23333333333330
South Sudan,Africa,-30.559482,22.937506,ZAF,2010,96.7
Spain,Europe,12.862807,30.217636,SSD,1990,-1
Spain,Europe,12.862807,30.217636,SSD,2000,9.7
Spain,Europe,12.862807,30.217636,SSD,2010,19.4
Sri Lanka,Asia,40.463667,-3.74922,ESP,1990,-1
Sri Lanka,Asia,40.463667,-3.74922,ESP,2000,-1
Sri Lanka,Asia,40.463667,-3.74922,ESP,2010,-1
St. Kitts and Nevis,North America,7.873054,80.771797,LKA,1990,94.1
St. Kitts and Nevis,North America,7.873054,80.771797,LKA,2000,97.3
St. Kitts and Nevis,North America,7.873054,80.771797,LKA,2010,99.95
St. Lucia,North America,17.357822,-62.782998,KNA,1990,99.7
St. Lucia,North America,17.357822,-62.782998,KNA,2000,99.84285714285710
St. Lucia,North America,17.357822,-62.782998,KNA,2010,100.0
St. Martin (French part),North America,13.909444,-60.978893,LCA,1990,99.85
St. Martin (French part),North America,13.909444,-60.978893,LCA,2000,99.3625
St. Martin (French part),North America,13.909444,-60.978893,LCA,2010,98.6
St. Vincent and the Grenadines,North America,14.641528,-61.024174,MAF,1990,-1
St. Vincent and the Grenadines,North America,14.641528,-61.024174,MAF,2000,-1
St. Vincent and the Grenadines,North America,14.641528,-61.024174,MAF,2010,-1
Western Sahara,Africa,12.984305,-61.287228,VCT,1990,99.1
Western Sahara,Africa,12.984305,-61.287228,VCT,2000,99.7625
Western Sahara,Africa,12.984305,-61.287228,VCT,2010,98.86
Sudan,Africa,12.862807,30.217636,SDN,1990,68.5
Sudan,Africa,12.862807,30.217636,SDN,2000,28.8
Sudan,Africa,12.862807,30.217636,SDN,2010,74.95
Suriname,South America,3.919305,-56.027783,SUR,1990,80.0
Suriname,South America,3.919305,-56.027783,SUR,2000,82.025
Suriname,South America,3.919305,-56.027783,SUR,2010,85.0
Sweden,Europe,60.128161,18.643501,SWE,1990,-1
Sweden,Europe,60.128161,18.643501,SWE,2000,-1
Sweden,Europe,60.128161,18.643501,SWE,2010,-1
Switzerland,Europe,46.818188,8.227512,CHE,1990,-1
Switzerland,Europe,46.818188,8.227512,CHE,2000,100.0
Switzerland,Europe,46.818188,8.227512,CHE,2010,-1
Syria,Asia,34.802075,38.996815,SYR,1990,76.9
Syria,Asia,34.802075,38.996815,SYR,2000,92.46666666666660
Syria,Asia,34.802075,38.996815,SYR,2010,-1
Tajikistan,Asia,38.861034,71.276093,TJK,1990,78.01428571428570
Tajikistan,Asia,38.861034,71.276093,TJK,2000,82.49
Tajikistan,Asia,38.861034,71.276093,TJK,2010,91.14285714285710
Tanzania,Africa,-6.369028,34.888822,TZA,1990,39.3
Tanzania,Africa,-6.369028,34.888822,TZA,2000,43.4
Tanzania,Africa,-6.369028,34.888822,TZA,2010,57.93333333333330
Thailand,Asia,15.870032,100.992541,THA,1990,-1
Thailand,Asia,15.870032,100.992541,THA,2000,98.53333333333340
Thailand,Asia,15.870032,100.992541,THA,2010,99.43333333333330
The Bahamas,North America,25.03428,-77.39628,BHS,1990,99.0
The Bahamas,North America,25.03428,-77.39628,BHS,2000,98.85714285714290
The Bahamas,North America,25.03428,-77.39628,BHS,2010,98.9
Timor-Leste,Asia,-8.874217,125.727539,TLS,1990,25.8
Timor-Leste,Asia,-8.874217,125.727539,TLS,2000,21.2
Timor-Leste,Asia,-8.874217,125.727539,TLS,2010,43.0
Togo,Africa,8.619543,0.824782,TGO,1990,50.5
Togo,Africa,8.619543,0.824782,TGO,2000,49.53333333333330
Togo,Africa,8.619543,0.824782,TGO,2010,44.25
Tonga,Oceania,-21.178986,-175.198242,TON,1990,94.0
Tonga,Oceania,-21.178986,-175.198242,TON,2000,96.76
Tonga,Oceania,-21.178986,-175.198242,TON,2010,96.95
Trinidad and Tobago,South America,10.691803,-61.222503,TTO,1990,98.28571428571430
Trinidad and Tobago,South America,10.691803,-61.222503,TTO,2000,98.57142857142860
Trinidad and Tobago,South America,10.691803,-61.222503,TTO,2010,99.6
Tunisia,Africa,33.886917,9.537499,TUN,1990,80.6
Tunisia,Africa,33.886917,9.537499,TUN,2000,91.46666666666660
Tunisia,Africa,33.886917,9.537499,TUN,2010,73.6
Turkey,Asia,38.963745,35.243322,TUR,1990,78.25
Turkey,Asia,38.963745,35.243322,TUR,2000,88.32000000000000
Turkey,Asia,38.963745,35.243322,TUR,2010,97.4
Turkmenistan,Asia,38.969719,59.556278,TKM,1990,95.8
Turkmenistan,Asia,38.969719,59.556278,TKM,2000,98.60000000000000
Turkmenistan,Asia,38.969719,59.556278,TKM,2010,100.0
Turks and Caicos Islands,North America,21.694025,-71.797928,TCA,1990,94.1
Turks and Caicos Islands,North America,21.694025,-71.797928,TCA,2000,99.7
Turks and Caicos Islands,North America,21.694025,-71.797928,TCA,2010,-1
Tuvalu,Oceania,-7.109535,177.64933,TUV,1990,97.0
Tuvalu,Oceania,-7.109535,177.64933,TUV,2000,97.7
Tuvalu,Oceania,-7.109535,177.64933,TUV,2010,-1
Uganda,Africa,1.373333,32.290275,UGA,1990,37.8
Uganda,Africa,1.373333,32.290275,UGA,2000,38.96666666666670
Uganda,Africa,1.373333,32.290275,UGA,2010,65.8
Ukraine,Europe,48.379433,31.16558,UKR,1990,99.897
Ukraine,Europe,48.379433,31.16558,UKR,2000,99.77
Ukraine,Europe,48.379433,31.16558,UKR,2010,99.72
United Arab Emirates,Asia,23.424076,53.847818,ARE,1990,99.15
United Arab Emirates,Asia,23.424076,53.847818,ARE,2000,100.0
United Arab Emirates,Asia,23.424076,53.847818,ARE,2010,99.90000000000000
United Kingdom,Europe,55.378051,-3.435973,GBR,1990,99.0
United Kingdom,Europe,55.378051,-3.435973,GBR,2000,-1
United Kingdom,Europe,55.378051,-3.435973,GBR,2010,-1
United States,North America,37.09024,-95.712891,USA,1990,99.35
United States,North America,37.09024,-95.712891,USA,2000,99.36
United States,North America,37.09024,-95.712891,USA,2010,99.1
Uruguay,South America,-32.522779,-55.765835,URY,1990,98.86
Uruguay,South America,-32.522779,-55.765835,URY,2000,99.59
Uruguay,South America,-32.522779,-55.765835,URY,2010,99.38
Uzbekistan,Asia,41.377491,64.585262,UZB,1990,99.375
Uzbekistan,Asia,41.377491,64.585262,UZB,2000,99.48
Uzbekistan,Asia,41.377491,64.585262,UZB,2010,100.0
Vanuatu,Oceania,-15.376706,166.959158,VUT,1990,85.775
Vanuatu,Oceania,-15.376706,166.959158,VUT,2000,86.18000000000000
Vanuatu,Oceania,-15.376706,166.959158,VUT,2010,89.4
Venezuela,South America,6.42375,-66.58973,VEN,1990,95.3
Venezuela,South America,6.42375,-66.58973,VEN,2000,94.5
Venezuela,South America,6.42375,-66.58973,VEN,2010,97.71666666666670
Vietnam,Asia,14.058324,108.277199,VNM,1990,77.1
Vietnam,Asia,14.058324,108.277199,VNM,2000,75.86666666666670
Vietnam,Asia,14.058324,108.277199,VNM,2010,92.85
Virgin Islands (U.S.),North America,18.335765,-64.896335,VIR,1990,-1
Virgin Islands (U.S.),North America,18.335765,-64.896335,VIR,2000,98.4
Virgin Islands (U.S.),North America,18.335765,-64.896335,VIR,2010,-1
West Bank and Gaza,Asia,31.354676,34.308825,PSE,1990,94.9
West Bank and Gaza,Asia,31.354676,34.308825,PSE,2000,97.325
West Bank and Gaza,Asia,31.354676,34.308825,PSE,2010,99.3
Yemen,Asia,15.552727,48.516388,YEM,1990,18.75
Yemen,Asia,15.552727,48.516388,YEM,2000,31.25
Yemen,Asia,15.552727,48.516388,YEM,2010,39.55
Zambia,Africa,-13.133897,27.849332,ZMB,1990,47.075
Zambia,Africa,-13.133897,27.849332,ZMB,2000,43.650000000000000
Zambia,Africa,-13.133897,27.849332,ZMB,2010,71.85
Zimbabwe,Africa,-19.015438,29.154857,ZWE,1990,70.85
Zimbabwe,Africa,-19.015438,29.154857,ZWE,2000,64.35
Zimbabwe,Africa,-19.015438,29.154857,ZWE,2010,74.76666666666670